Date,Course,Race,Horse,Number,Jockey,Trainer,Form,FormScore,FormRank,MarketProb,MarketRank,BestOdds,PlaceProb,PlaceOdds,PlaceCount,PlaceFraction
2026-09-27 14:35:00,Curragh,QATAR RACING AND EQUESTRIAN CLUB RENAISSANCE STAKES (Group 3),Royal Bay Cen(IRE),8,Ben Martin Coen,"John Patrick Murtagh, Ireland",411445-14,0.4681,2,0.2531,1,3.5,0.4863,1.62,2,0.25
2026-09-27 14:35:00,Curragh,QATAR RACING AND EQUESTRIAN CLUB RENAISSANCE STAKES (Group 3),Power Blue(IRE),1,William James Lee,"Robson De Aguiar, Ireland",31-274410,0.3829,3,0.2418,2,3.75,0.4694,1.69,2,0.25
2026-09-27 14:35:00,Curragh,QATAR RACING AND EQUESTRIAN CLUB RENAISSANCE STAKES (Group 3),Soul Love,9,Pierre-Louis Jamin,K. R. Burke,1-191312,0.6491,1,0.2308,3,4.0,0.4524,1.75,2,0.25
2026-09-27 14:35:00,Curragh,QATAR RACING AND EQUESTRIAN CLUB RENAISSANCE STAKES (Group 3),Brussels,5,Ryan Moore,"Aidan OBrien, Ireland",22-640507,0.1502,7,0.1298,4,7.0,0.274,2.5,2,0.25
2026-09-27 14:35:00,Curragh,QATAR RACING AND EQUESTRIAN CLUB RENAISSANCE STAKES (Group 3),Big Gossey(IRE),2,R. Whearty,"Charles OBrien, Ireland",19212590,0.2958,4,0.072,5,12.0,0.1571,3.75,2,0.25
2026-09-27 14:35:00,Curragh,QATAR RACING AND EQUESTRIAN CLUB RENAISSANCE STAKES (Group 3),East Hampton,3,R. C. Colgan,"David Marnane, Ireland",5260-2566,0.2098,6,0.0472,6,19.0,0.1043,5.5,2,0.25
2026-09-27 14:35:00,Curragh,QATAR RACING AND EQUESTRIAN CLUB RENAISSANCE STAKES (Group 3),Tango Flare(IRE),4,L. T. McAteer,"Patrick T. Foley, Ireland",12-901209,0.2922,5,0.0254,7,34.0,0.0567,9.25,2,0.25
2026-09-27 15:10:00,Curragh,CELEBRATING COUNTY KILDARE AND LEXINGTON TWINNING MAIDEN,Valentino Eclipse(IRE),5,Seamie Heffernan,"J. A. Stack, Ireland",24,0.3587,1,0.4934,1,1.62,0.916,1.16,3,0.25
2026-09-27 15:10:00,Curragh,CELEBRATING COUNTY KILDARE AND LEXINGTON TWINNING MAIDEN,A Good Yarn(IRE),2,W. M. Lordan,"Aidan Anthony Howard, Ireland",6,0.1667,4,0.2088,2,3.75,0.6983,1.69,3,0.25
2026-09-27 15:10:00,Curragh,CELEBRATING COUNTY KILDARE AND LEXINGTON TWINNING MAIDEN,Tourin(IRE),13,G. M. Ryan,"J. A. Stack, Ireland",36,0.2391,2,0.0839,3,9.5,0.3716,3.12,3,0.25
2026-09-27 15:10:00,Curragh,CELEBRATING COUNTY KILDARE AND LEXINGTON TWINNING MAIDEN,Port Arthur(IRE),3,R. C. Colgan,"M. C. Grassick, Ireland",34-350,0.2153,3,0.0461,4,17.0,0.2152,5.0,3,0.25
2026-09-27 15:10:00,Curragh,CELEBRATING COUNTY KILDARE AND LEXINGTON TWINNING MAIDEN,Saga Lucia(IRE),11,Reese Holohan,"M. D. OCallaghan, Ireland",56-69,0.1523,5,0.0412,5,19.0,0.1935,5.5,3,0.25
2026-09-27 15:10:00,Curragh,CELEBRATING COUNTY KILDARE AND LEXINGTON TWINNING MAIDEN,Caislean Ni Cuan(IRE),7,N. G. Mccullagh,"Thomas Mullins, Ireland",47500,0.1414,6,0.0373,6,21.0,0.176,6.0,3,0.25
2026-09-27 15:10:00,Curragh,CELEBRATING COUNTY KILDARE AND LEXINGTON TWINNING MAIDEN,The Hidden Garden(IRE),12,Declan Mcdonogh,"Eddie &amp; Patrick Harty, Ireland",,,,0.0314,7,26.0,0.1492,7.25,3,0.25
2026-09-27 15:10:00,Curragh,CELEBRATING COUNTY KILDARE AND LEXINGTON TWINNING MAIDEN,Tribal Belle(IRE),14,C. D. Hayes,"G. OLeary, Ireland",0,0.1,8,0.023,8,34.0,0.1104,9.25,3,0.25
2026-09-27 15:10:00,Curragh,CELEBRATING COUNTY KILDARE AND LEXINGTON TWINNING MAIDEN,Gaineamh Min(IRE),8,Wesley Joyce,"Sean Byrne, Ireland",07,0.1242,7,0.0166,9,51.0,0.0803,13.5,3,0.25
2026-09-27 15:10:00,Curragh,CELEBRATING COUNTY KILDARE AND LEXINGTON TWINNING MAIDEN,Spider Star(IRE),4,A. Browne-Souza,"David Harry Kelly, Ireland",0,0.1,9,0.0062,10,126.0,0.0303,32.25,3,0.25
2026-09-27 15:10:00,Curragh,CELEBRATING COUNTY KILDARE AND LEXINGTON TWINNING MAIDEN,Petticoat Pilot(IRE),6,D. S. OSullivan,"David Edward Finn, Ireland",0/,0.1,10,0.0062,11,126.0,0.0303,32.25,3,0.25
2026-09-27 15:10:00,Curragh,CELEBRATING COUNTY KILDARE AND LEXINGTON TWINNING MAIDEN,Upper West Side(IRE),1,J. J. G. Ryan,"Edward Lynam, Ireland",0,0.1,11,0.0059,12,151.0,0.0289,38.5,3,0.25
2026-09-27 15:45:00,Curragh,DARLEY FILLIES STAKES (Group 3),Curracloe(USA),2,Ben Martin Coen,"John Patrick Murtagh, Ireland",1,1.0,1,0.3387,1,2.625,0.826,1.41,3,0.25
2026-09-27 15:45:00,Curragh,DARLEY FILLIES STAKES (Group 3),Alpine Wedding(IRE),1,William James Lee,"P. Twomey, Ireland",53541,0.484,3,0.2675,2,3.25,0.7577,1.56,3,0.25
2026-09-27 15:45:00,Curragh,DARLEY FILLIES STAKES (Group 3),Damsel In Distress(IRE),3,C. T. Keane,"Daniel McLoughlin, Ireland",5143,0.4291,4,0.2162,3,4.0,0.6856,1.75,3,0.25
2026-09-27 15:45:00,Curragh,DARLEY FILLIES STAKES (Group 3),Film Set(USA),4,Ryan Moore,"Aidan OBrien, Ireland",52,0.3696,7,0.0669,4,13.0,0.2691,4.0,3,0.25
2026-09-27 15:45:00,Curragh,DARLEY FILLIES STAKES (Group 3),Value Pending,8,J. M. Sheridan,"Joseph Patrick OBrien, Ireland",1,1.0,2,0.0519,5,17.0,0.2125,5.0,3,0.25
2026-09-27 15:45:00,Curragh,DARLEY FILLIES STAKES (Group 3),Lady Patrona,6,Keithen Kennedy,"Mrs J. Harrington, Ireland",244137,0.3862,5,0.0207,7,41.0,0.0877,11.0,3,0.25
2026-09-27 15:45:00,Curragh,DARLEY FILLIES STAKES (Group 3),Tosca No Candis(IRE),7,D. W. OConnor,"Robson De Aguiar, Ireland",55517,0.3763,6,0.0235,6,41.0,0.0992,11.0,3,0.25
2026-09-27 15:45:00,Curragh,DARLEY FILLIES STAKES (Group 3),Fine Line(IRE),5,R. C. Colgan,"Denis Hogan, Ireland",0007442,0.2815,8,0.0146,8,101.0,0.0622,26.0,3,0.25
2026-09-27 16:20:00,Curragh,FRIENDS OF THE CURRAGH IRISH CESAREWITCH (Premier Handicap),The Reverend,6,William James Lee,"W. P. Mullins, Ireland",2149/511-4,0.5263,5,0.1085,1,6.0,0.3903,2.25,4,0.25
2026-09-27 16:20:00,Curragh,FRIENDS OF THE CURRAGH IRISH CESAREWITCH (Premier Handicap),Sky Captain(IRE),15,J. M. Sheridan,"Joseph Patrick OBrien, Ireland",12-226,0.45,9,0.0844,2,7.5,0.3177,2.62,4,0.25
2026-09-27 16:20:00,Curragh,FRIENDS OF THE CURRAGH IRISH CESAREWITCH (Premier Handicap),Blake,12,C. T. Keane,"Noel Meade, Ireland",3214156/1-,0.5992,2,0.0744,3,8.5,0.2852,2.88,4,0.25
2026-09-27 16:20:00,Curragh,FRIENDS OF THE CURRAGH IRISH CESAREWITCH (Premier Handicap),Tim Toe(IRE),13,R. P. Whelan,"Henry De Bromhead, Ireland",1313,0.6232,1,0.0744,4,8.5,0.2852,2.88,4,0.25
2026-09-27 16:20:00,Curragh,FRIENDS OF THE CURRAGH IRISH CESAREWITCH (Premier Handicap),Valiancy(IRE),10,James Doyle,William Haggas,21321-169,0.4515,8,0.0575,5,11.0,0.2272,3.5,4,0.25
2026-09-27 16:20:00,Curragh,FRIENDS OF THE CURRAGH IRISH CESAREWITCH (Premier Handicap),Chally Chute(IRE),1,S. Coen,"Ross OSullivan, Ireland",050/121-25,0.5184,6,0.0487,6,13.0,0.1954,4.0,4,0.25
2026-09-27 16:20:00,Curragh,FRIENDS OF THE CURRAGH IRISH CESAREWITCH (Premier Handicap),Port Of Spain(IRE),20,Ryan Moore,"Aidan OBrien, Ireland",1537-5072,0.2619,22,0.0422,8,15.0,0.1712,4.5,4,0.25
2026-09-27 16:20:00,Curragh,FRIENDS OF THE CURRAGH IRISH CESAREWITCH (Premier Handicap),Light Up The Dark,26,Declan Mcdonogh,"Joseph Patrick OBrien, Ireland",7134-1492,0.3976,13,0.0443,7,15.0,0.1791,4.5,4,0.25
2026-09-27 16:20:00,Curragh,FRIENDS OF THE CURRAGH IRISH CESAREWITCH (Premier Handicap),Bunting(FR),11,Ben Martin Coen,"W. P. Mullins, Ireland",3/453-0,0.2227,27,0.0362,9,19.0,0.1483,5.5,4,0.25
2026-09-27 16:20:00,Curragh,FRIENDS OF THE CURRAGH IRISH CESAREWITCH (Premier Handicap),Kingstonian,25,N. M. Crosse,"Joseph Patrick OBrien, Ireland",20413-294,0.3494,17,0.0359,10,19.0,0.1472,5.5,4,0.25
2026-09-27 16:20:00,Curragh,FRIENDS OF THE CURRAGH IRISH CESAREWITCH (Premier Handicap),Galileo Dame(IRE),17,C. D. Hayes,"Joseph Patrick OBrien, Ireland",0-2477033,0.242,24,0.0284,11,23.0,0.1179,6.5,4,0.25
2026-09-27 16:20:00,Curragh,FRIENDS OF THE CURRAGH IRISH CESAREWITCH (Premier Handicap),Granite Bay,19,Reese Holohan,"Jarlath P. Fahey, Ireland",2242-4372,0.3386,18,0.0284,12,23.0,0.1179,6.5,4,0.25
2026-09-27 16:20:00,Curragh,FRIENDS OF THE CURRAGH IRISH CESAREWITCH (Premier Handicap),Shoda(IRE),29,S. A. Wallace,"Joseph Patrick OBrien, Ireland",3140/5221-,0.5454,4,0.0275,13,23.0,0.1143,6.5,4,0.25
2026-09-27 16:20:00,Curragh,FRIENDS OF THE CURRAGH IRISH CESAREWITCH (Premier Handicap),Sirius(FR),23,Andrew Joseph Slattery,"W. P. Mullins, Ireland",014/01-0,0.4131,11,0.0273,14,26.0,0.1135,7.25,4,0.25
2026-09-27 16:20:00,Curragh,FRIENDS OF THE CURRAGH IRISH CESAREWITCH (Premier Handicap),Shosholoza(IRE),27,W. M. Lordan,"Joseph Patrick OBrien, Ireland",15-866,0.2558,23,0.0243,15,26.0,0.1016,7.25,4,0.25
2026-09-27 16:20:00,Curragh,FRIENDS OF THE CURRAGH IRISH CESAREWITCH (Premier Handicap),Too Bossy For Us(IRE),31,Reserve,"W. P. Mullins, Ireland",2030-6663,0.2215,28,0.0243,16,26.0,0.1016,7.25,4,0.25
2026-09-27 16:20:00,Curragh,FRIENDS OF THE CURRAGH IRISH CESAREWITCH (Premier Handicap),Absurde(FR),2,D. King,"W. P. Mullins, Ireland",415/32378-,0.2417,25,0.0218,17,29.0,0.0915,8.0,4,0.25
2026-09-27 16:20:00,Curragh,FRIENDS OF THE CURRAGH IRISH CESAREWITCH (Premier Handicap),Tennessee Stud(IRE),3,H. J. Horgan,"Joseph Patrick OBrien, Ireland",3441-0367,0.2711,21,0.0186,22,34.0,0.0785,9.25,4,0.25
2026-09-27 16:20:00,Curragh,FRIENDS OF THE CURRAGH IRISH CESAREWITCH (Premier Handicap),Leinster(IRE),4,Seamie Heffernan,"Joseph Patrick OBrien, Ireland",419-44535,0.2346,26,0.0196,19,34.0,0.0825,9.25,4,0.25
2026-09-27 16:20:00,Curragh,FRIENDS OF THE CURRAGH IRISH CESAREWITCH (Premier Handicap),A Piece Of Heaven(FR),5,L. T. McAteer,"Joseph Patrick OBrien, Ireland",732/3-2216,0.4979,7,0.0196,20,34.0,0.0825,9.25,4,0.25
2026-09-27 16:20:00,Curragh,FRIENDS OF THE CURRAGH IRISH CESAREWITCH (Premier Handicap),Immutable(IRE),14,G. F. Carroll,"Joseph G. Murphy, Ireland",835-9221,0.5504,3,0.0205,18,34.0,0.0862,9.25,4,0.25
2026-09-27 16:20:00,Curragh,FRIENDS OF THE CURRAGH IRISH CESAREWITCH (Premier Handicap),Eagle Fang(IRE),16,Sadhbh Tormey,"William Durkan, Ireland",2148,0.4036,12,0.0186,23,34.0,0.0785,9.25,4,0.25
2026-09-27 16:20:00,Curragh,FRIENDS OF THE CURRAGH IRISH CESAREWITCH (Premier Handicap),Alphonse Le Grande(IRE),32,Reserve,"A. J. Martin, Ireland",8587-0054,0.1724,29,0.0196,21,34.0,0.0825,9.25,4,0.25
2026-09-27 16:20:00,Curragh,FRIENDS OF THE CURRAGH IRISH CESAREWITCH (Premier Handicap),Comfort Zone(IRE),9,J. Pietropaolo,"Joseph Patrick OBrien, Ireland",003-0P019,0.3098,20,0.0175,24,41.0,0.074,11.0,4,0.25
2026-09-27 16:20:00,Curragh,FRIENDS OF THE CURRAGH IRISH CESAREWITCH (Premier Handicap),Zanndabad(IRE),28,J. J. G. Ryan,"A. J. Martin, Ireland",6/7049-880,0.1267,30,0.0165,25,41.0,0.0698,11.0,4,0.25
2026-09-27 16:20:00,Curragh,FRIENDS OF THE CURRAGH IRISH CESAREWITCH (Premier Handicap),Holy See(IRE),8,J. A. Orr,"William Durkan, Ireland",124/1020,0.3554,16,0.0134,26,51.0,0.057,13.5,4,0.25
2026-09-27 16:20:00,Curragh,FRIENDS OF THE CURRAGH IRISH CESAREWITCH (Premier Handicap),Glenroyal(IRE),18,Keithen Kennedy,"Joseph Patrick OBrien, Ireland",31011-080,0.3166,19,0.0124,29,51.0,0.0528,13.5,4,0.25
2026-09-27 16:20:00,Curragh,FRIENDS OF THE CURRAGH IRISH CESAREWITCH (Premier Handicap),Cornelienne(IRE),24,J. A. Powell,"Joseph Patrick OBrien, Ireland",142312/0-5,0.3724,15,0.0134,27,51.0,0.057,13.5,4,0.25
2026-09-27 16:20:00,Curragh,FRIENDS OF THE CURRAGH IRISH CESAREWITCH (Premier Handicap),Madbadanddangerous(IRE),30,G. M. Ryan,"Noel Meade, Ireland",13-271160,0.4249,10,0.0134,28,51.0,0.057,13.5,4,0.25
2026-09-27 16:20:00,Curragh,FRIENDS OF THE CURRAGH IRISH CESAREWITCH (Premier Handicap),Uxmal(IRE),7,S. McCullagh,"Joseph Patrick OBrien, Ireland",11/75-34,0.3811,14,0.0083,30,81.0,0.0356,21.0,4,0.25
2026-09-27 16:55:00,Curragh,KWIFF MORE BANG FOR YOUR BET NURSERY HANDICAP,Moon Sand(FR),2,J. M. Sheridan,"Joseph Patrick OBrien, Ireland",996,0.1346,8,0.2869,1,3.0,0.6941,1.5,3,0.25
2026-09-27 16:55:00,Curragh,KWIFF MORE BANG FOR YOUR BET NURSERY HANDICAP,Exchange Student(IRE),8,J. Pietropaolo,"J. A. Stack, Ireland",70041,0.4254,2,0.1826,2,4.5,0.5291,1.88,3,0.25
2026-09-27 16:55:00,Curragh,KWIFF MORE BANG FOR YOUR BET NURSERY HANDICAP,Romance(GER),3,Andrew Joseph Slattery,"Josh Halley, Ireland",50612,0.4685,1,0.1352,3,6.0,0.4223,2.25,3,0.25
2026-09-27 16:55:00,Curragh,KWIFF MORE BANG FOR YOUR BET NURSERY HANDICAP,Our Boy Bailey(IRE),1,Keithen Kennedy,"Mrs J. Harrington, Ireland",2074,0.2296,4,0.0885,4,9.5,0.295,3.12,3,0.25
2026-09-27 16:55:00,Curragh,KWIFF MORE BANG FOR YOUR BET NURSERY HANDICAP,Gabby Hayes(IRE),5,C. T. Keane,"Noel Meade, Ireland",966,0.1527,7,0.0696,6,12.0,0.2376,3.75,3,0.25
2026-09-27 16:55:00,Curragh,KWIFF MORE BANG FOR YOUR BET NURSERY HANDICAP,Closefield Beau(IRE),6,Ben Martin Coen,"Daniel McLoughlin, Ireland",078,0.1246,9,0.072,5,12.0,0.2451,3.75,3,0.25
2026-09-27 16:55:00,Curragh,KWIFF MORE BANG FOR YOUR BET NURSERY HANDICAP,Two Brigade(IRE),10,Reese Holohan,"M. D. OCallaghan, Ireland",856862,0.2566,3,0.0696,7,12.0,0.2376,3.75,3,0.25
2026-09-27 16:55:00,Curragh,KWIFF MORE BANG FOR YOUR BET NURSERY HANDICAP,Matavai Bay(IRE),7,C. D. Hayes,"Kevin Thomas Coleman, Ireland",065,0.1641,6,0.0464,8,19.0,0.1628,5.5,3,0.25
2026-09-27 16:55:00,Curragh,KWIFF MORE BANG FOR YOUR BET NURSERY HANDICAP,Supreme Act(IRE),11,J. S. Dalton,"A. Slattery, Ireland",8708,0.1219,10,0.0364,9,23.0,0.1292,6.5,3,0.25
2026-09-27 16:55:00,Curragh,KWIFF MORE BANG FOR YOUR BET NURSERY HANDICAP,Somethingaboutlove(IRE),12,R. P. Cleary,"C. W. J. Farrell, Ireland",684,0.1884,5,0.0126,10,81.0,0.0459,21.0,3,0.25
